9/17/2007,4494.649902
9/18/2007,4546.200195
9/19/2007,4732.350098
9/20/2007,4747.549805
9/21/2007,4837.549805
9/24/2007,4932.200195
9/25/2007,4938.850098
9/26/2007,4940.5
9/27/2007,5000.549805
9/28/2007,5021.350098
10/1/2007,5068.950195
10/3/2007,5210.799805
10/4/2007,5208.649902
10/5/2007,5185.850098
10/8/2007,5085.100098
10/9/2007,5327.25
10/10/2007,5441.450195
10/11/2007,5524.850098
10/12/2007,5428.25
10/15/2007,5670.399902
10/16/2007,5668.049805
10/17/2007,5559.299805
10/18/2007,5351
10/19/2007,5215.299805
10/22/2007,5184
10/23/2007,5473.700195
10/24/2007,5496.149902
10/25/2007,5568.950195
10/26/2007,5702.299805
10/29/2007,5905.899902
10/30/2007,5868.75
10/31/2007,5900.649902
11/1/2007,5866.450195
11/2/2007,5932.399902
11/5/2007,5847.299805
11/6/2007,5786.5
11/7/2007,5782.350098
11/8/2007,5698.75
11/12/2007,5617.100098
11/13/2007,5695.399902
11/14/2007,5937.899902
11/15/2007,5912.100098
11/16/2007,5906.850098
11/19/2007,5907.649902
11/20/2007,5780.899902
11/21/2007,5561.049805
11/22/2007,5519.350098
11/23/2007,5608.600098
11/26/2007,5731.700195
11/27/2007,5698.149902
11/28/2007,5617.549805
11/29/2007,5634.600098
11/30/2007,5762.75
12/3/2007,5865
12/4/2007,5858.350098
12/5/2007,5940
12/6/2007,5954.700195
12/7/2007,5974.299805
12/10/2007,5960.600098
12/11/2007,6097.25
12/12/2007,6159.299805
12/13/2007,6058.100098
12/14/2007,6047.700195
12/17/2007,5777
12/18/2007,5742.299805
12/19/2007,5751.149902
12/20/2007,5766.5
12/24/2007,5985.100098
12/26/2007,6070.75
12/27/2007,6081.5
12/28/2007,6079.700195
12/31/2007,6138.600098
1/1/2008,6144.350098
1/2/2008,6179.399902
1/3/2008,6178.549805
1/4/2008,6274.299805
1/7/2008,6279.100098
1/8/2008,6287.850098
1/9/2008,6272
1/10/2008,6156.950195
1/11/2008,6200.100098
1/14/2008,6206.799805
1/15/2008,6074.25
1/16/2008,5935.75
1/17/2008,5913.200195
1/18/2008,5705.299805
1/21/2008,5208.799805
1/22/2008,4899.299805
1/23/2008,5203.399902
1/24/2008,5033.450195
1/25/2008,5383.350098
1/28/2008,5274.100098
1/29/2008,5280.799805
1/30/2008,5167.600098
1/31/2008,5137.450195
2/1/2008,5317.25
2/4/2008,5463.5
2/5/2008,5483.899902
2/6/2008,5322.549805
2/7/2008,5133.25
2/8/2008,5120.350098
2/11/2008,4857
2/12/2008,4838.25
2/13/2008,4929.450195
2/14/2008,5202
2/15/2008,5302.899902
2/18/2008,5276.899902
2/19/2008,5280.799805
2/20/2008,5154.450195
2/21/2008,5191.799805
2/22/2008,5110.75
2/25/2008,5200.700195
2/26/2008,5270.049805
2/27/2008,5268.399902
2/28/2008,5285.100098
2/29/2008,5223.5
3/3/2008,4953
3/4/2008,4864.25
3/5/2008,4921.399902
3/7/2008,4771.600098
3/10/2008,4800.399902
3/11/2008,4865.899902
3/12/2008,4872
3/13/2008,4623.600098
3/14/2008,4745.799805
3/17/2008,4503.100098
3/18/2008,4533
3/19/2008,4573.950195
3/24/2008,4609.850098
3/25/2008,4877.5
3/26/2008,4828.850098
3/27/2008,4830.25
3/28/2008,4942
3/31/2008,4734.5
4/1/2008,4739.549805
4/2/2008,4754.200195
4/3/2008,4771.600098
4/4/2008,4647
4/7/2008,4761.200195
4/8/2008,4709.649902
4/9/2008,4747.049805
4/10/2008,4733
4/11/2008,4777.799805
4/15/2008,4879.649902
4/16/2008,4887.299805
4/17/2008,4958.399902
4/21/2008,5037
4/22/2008,5049.299805
4/23/2008,5022.799805
4/24/2008,4999.850098
4/25/2008,5111.700195
4/28/2008,5089.649902
4/29/2008,5195.5
4/30/2008,5165.899902
5/2/2008,5228.200195
5/5/2008,5192.25
5/6/2008,5144.649902
5/7/2008,5135.5
5/8/2008,5081.700195
5/9/2008,4982.600098
5/12/2008,5012.649902
5/13/2008,4957.799805
5/14/2008,5011.75
5/15/2008,5115.25
5/16/2008,5157.700195
5/20/2008,5104.950195
5/21/2008,5117.649902
5/22/2008,5025.450195
5/23/2008,4946.549805
5/26/2008,4875.049805
5/27/2008,4859.799805
5/28/2008,4918.350098
5/29/2008,4835.299805
5/30/2008,4870.100098
6/2/2008,4739.600098
6/3/2008,4715.899902
6/4/2008,4585.600098
6/5/2008,4676.950195
6/6/2008,4627.799805
6/9/2008,4500.950195
6/10/2008,4449.799805
6/11/2008,4523.600098
6/12/2008,4539.350098
6/13/2008,4517.100098
6/16/2008,4572.5
6/17/2008,4653
6/18/2008,4582.399902
6/19/2008,4504.25
6/20/2008,4347.549805
6/23/2008,4266.399902
6/24/2008,4191.100098
6/25/2008,4252.649902
6/26/2008,4315.850098
6/27/2008,4136.649902
6/30/2008,4040.550049
7/1/2008,3896.75
7/2/2008,4093.350098
7/3/2008,3925.75
7/4/2008,4016
7/7/2008,4030
7/8/2008,3988.550049
7/9/2008,4157.100098
7/10/2008,4162.200195
7/11/2008,4049
7/14/2008,4039.699951
7/15/2008,3861.100098
7/16/2008,3816.699951
7/17/2008,3947.199951
7/18/2008,4092.25
7/21/2008,4159.5
7/22/2008,4240.100098
7/23/2008,4476.799805
7/24/2008,4433.549805
7/25/2008,4311.850098
7/28/2008,4332.100098
7/29/2008,4189.850098
7/30/2008,4313.549805
7/31/2008,4332.950195
8/1/2008,4413.549805
8/4/2008,4395.350098
8/5/2008,4502.850098
8/6/2008,4517.549805
8/7/2008,4523.850098
8/8/2008,4529.5
8/11/2008,4620.399902
8/12/2008,4552.25
8/13/2008,4529.049805
8/14/2008,4430.700195
8/18/2008,4393.049805
8/19/2008,4368.25
8/20/2008,4415.75
8/21/2008,4283.850098
8/22/2008,4327.450195
8/25/2008,4335.350098
8/26/2008,4337.5
8/27/2008,4292.100098
8/28/2008,4214
8/29/2008,4360
9/1/2008,4348.649902
9/2/2008,4504
9/4/2008,4447.75
9/5/2008,4352.299805
9/8/2008,4482.299805
9/9/2008,4468.700195
9/10/2008,4400.25
9/11/2008,4290.299805
9/12/2008,4228.450195
9/15/2008,4072.899902
9/16/2008,4074.899902
9/17/2008,4008.25
9/18/2008,4038.149902
9/19/2008,4245.25
9/22/2008,4223.049805
9/23/2008,4126.899902
9/24/2008,4161.25
9/25/2008,4110.549805
9/26/2008,3985.25
9/29/2008,3850.050049
9/30/2008,3921.199951
10/1/2008,3950.75
10/3/2008,3818.300049
10/6/2008,3602.350098
10/7/2008,3606.600098
10/8/2008,3513.649902
10/10/2008,3279.949951
10/13/2008,3490.699951
10/14/2008,3518.649902
10/15/2008,3338.399902
10/16/2008,3269.300049
10/17/2008,3074.350098
10/20/2008,3122.800049
10/21/2008,3234.899902
10/22/2008,3065.149902
10/23/2008,2943.149902
10/24/2008,2584
10/27/2008,2524.199951
10/29/2008,2697.050049
10/31/2008,2885.600098
11/3/2008,3043.850098
11/4/2008,3142.100098
11/5/2008,2994.949951
11/6/2008,2892.649902
11/7/2008,2973
11/10/2008,3148.25
11/11/2008,2938.649902
11/12/2008,2848.449951
11/14/2008,2810.350098
11/17/2008,2799.550049
11/18/2008,2683.149902
11/19/2008,2635
11/20/2008,2553.149902
11/21/2008,2693.449951
11/24/2008,2708.25
11/25/2008,2654
11/26/2008,2752.25
11/27/2008,NA
11/28/2008,2755.100098
12/1/2008,2682.899902
12/2/2008,2657.800049
12/3/2008,2656.449951
12/4/2008,2788
12/5/2008,2714.399902
12/8/2008,2784
12/10/2008,2928.25
12/11/2008,2920.149902
12/12/2008,2921.350098
12/15/2008,2981.199951
12/16/2008,3041.75
12/17/2008,2954.350098
12/18/2008,3060.75
12/19/2008,3077.5
12/22/2008,3039.300049
12/23/2008,2968.649902
12/24/2008,2916.850098
12/26/2008,2857.25
12/29/2008,2922.199951
12/30/2008,2979.5
12/31/2008,2959.149902
1/2/2009,3046.75
1/5/2009,3121.449951
1/6/2009,3112.800049
1/7/2009,2920.399902
1/9/2009,2873
1/12/2009,2773.100098
1/13/2009,2744.949951
1/14/2009,2835.300049
1/15/2009,2736.699951
1/16/2009,2828.449951
1/19/2009,2846.199951
1/20/2009,2796.600098
1/21/2009,2706.149902
1/22/2009,2713.800049
1/23/2009,2678.550049
1/27/2009,2771.350098
1/28/2009,2849.5
1/29/2009,2823.949951
1/30/2009,2874.800049
2/2/2009,2766.649902
2/3/2009,2783.899902
2/4/2009,2803.050049
2/5/2009,2780.050049
2/6/2009,2843.100098
2/9/2009,2919.899902
2/10/2009,2934.5
2/11/2009,2925.699951
2/12/2009,2893.050049
2/13/2009,2948.350098
2/16/2009,2848.5
2/17/2009,2770.5
2/18/2009,2776.149902
2/19/2009,2789.350098
2/20/2009,2736.449951
2/24/2009,2733.899902
2/25/2009,2762.5
2/26/2009,2785.649902
2/27/2009,2763.649902
3/2/2009,2674.600098
3/3/2009,2622.399902
3/4/2009,2645.199951
3/5/2009,2576.699951
3/6/2009,2620.149902
3/9/2009,2573.149902
3/12/2009,2617.449951
3/13/2009,2719.25
3/16/2009,2777.25
3/17/2009,2757.449951
3/18/2009,2794.699951
3/19/2009,2807.149902
3/20/2009,2807.050049
3/23/2009,2939.899902
3/24/2009,2938.699951
3/25/2009,2984.350098
3/26/2009,3082.25
3/27/2009,3108.649902
3/30/2009,2978.149902
3/31/2009,3020.949951
4/1/2009,3060.350098
4/2/2009,3211.050049
4/6/2009,3256.600098
4/8/2009,3342.949951
4/9/2009,3342.050049
4/13/2009,3382.600098
4/15/2009,3484.149902
4/16/2009,3369.5
4/17/2009,3384.399902
4/20/2009,3377.100098
4/21/2009,3365.300049
4/22/2009,3330.300049
4/23/2009,3423.699951
4/24/2009,3480.75
4/27/2009,3470
4/28/2009,3362.350098
4/29/2009,3473.949951
4/30/2009,NA
5/4/2009,3654
5/5/2009,3661.899902
5/6/2009,3625.050049
5/7/2009,3683.899902
5/8/2009,3620.699951
5/11/2009,3554.600098
5/12/2009,3681.100098
5/13/2009,3635.25
5/14/2009,3593.449951
5/15/2009,3671.649902
5/18/2009,4323.149902
5/19/2009,4318.450195
5/20/2009,4270.299805
5/21/2009,4210.899902
5/22/2009,4238.5
5/25/2009,4237.549805
5/26/2009,4116.700195
5/27/2009,4276.049805
5/28/2009,4337.100098
5/29/2009,4448.950195
6/1/2009,4529.899902
6/2/2009,4525.25
6/3/2009,4530.700195
6/4/2009,4572.649902
6/5/2009,4586.899902
6/8/2009,4429.899902
6/9/2009,4550.950195
6/10/2009,4655.25
6/11/2009,4637.700195
6/12/2009,4583.399902
6/15/2009,4484
6/16/2009,4517.799805
6/17/2009,4356.149902
6/18/2009,4251.399902
6/19/2009,4313.600098
6/22/2009,4235.25
6/23/2009,4247
6/24/2009,4292.950195
6/25/2009,4241.850098
6/26/2009,4375.5
6/29/2009,4390.950195
6/30/2009,4291.100098
7/1/2009,4340.899902
7/2/2009,4348.850098
7/3/2009,4424.25
7/6/2009,4165.700195
7/7/2009,4202.149902
7/8/2009,4078.899902
7/9/2009,4080.949951
7/10/2009,4003.899902
7/13/2009,3974.050049
7/14/2009,4111.399902
7/15/2009,4233.5
7/16/2009,4231.399902
7/17/2009,4374.950195
7/20/2009,4502.25
7/21/2009,4469.100098
7/22/2009,4398.899902
7/23/2009,4523.75
7/24/2009,4568.549805
7/27/2009,4572.299805
7/28/2009,4564.100098
7/29/2009,4513.5
7/30/2009,4571.450195
7/31/2009,4636.450195
8/3/2009,4711.399902
8/4/2009,4680.5
8/5/2009,4694.149902
8/6/2009,4585.5
8/7/2009,4481.399902
8/10/2009,4437.649902
8/11/2009,4471.350098
8/12/2009,4457.5
8/13/2009,4605
8/14/2009,4580.049805
8/17/2009,4387.899902
8/18/2009,4458.899902
8/19/2009,4394.100098
8/20/2009,4453.450195
8/21/2009,4528.799805
8/24/2009,4642.799805
8/25/2009,4659.350098
8/26/2009,4680.850098
8/27/2009,4688.200195
8/28/2009,4732.350098
8/31/2009,4662.100098
9/1/2009,4625.350098
9/2/2009,4608.350098
9/3/2009,4593.549805
9/4/2009,4680.399902
9/7/2009,4782.899902
9/8/2009,4805.25
9/9/2009,4814.25
9/10/2009,4819.399902
9/11/2009,4829.549805
9/14/2009,4808.600098
9/15/2009,4892.100098
9/16/2009,4958.399902
9/17/2009,4965.549805
9/18/2009,4976.049805
9/22/2009,5020.200195
9/23/2009,4969.950195
9/24/2009,4986.549805
9/25/2009,4958.950195
9/29/2009,5006.850098
9/30/2009,5083.950195
10/1/2009,5083.399902
10/5/2009,5003.200195
10/6/2009,5027.399902
10/7/2009,4985.75
10/8/2009,5002.25
10/9/2009,4945.200195
10/12/2009,5054.25
10/13/2009,NA
10/14/2009,5118.200195
10/15/2009,5108.850098
10/16/2009,5142.149902
10/20/2009,5114.450195
10/21/2009,5063.600098
10/22/2009,4988.600098
10/23/2009,4997.049805
10/26/2009,4970.899902
10/27/2009,4846.700195
10/28/2009,4826.149902
10/29/2009,4750.549805
10/30/2009,4711.700195
11/3/2009,4563.899902
11/4/2009,4710.799805
11/5/2009,4765.549805
11/6/2009,4796.149902
11/9/2009,4898.399902
11/10/2009,4881.700195
11/11/2009,5003.950195
11/12/2009,4952.649902
11/13/2009,4998.950195
11/16/2009,5058.049805
11/17/2009,5062.25
11/18/2009,5054.700195
11/19/2009,4989
11/20/2009,5052.450195
11/23/2009,5103.549805
11/24/2009,5090.549805
11/25/2009,5108.149902
11/26/2009,5005.549805
11/27/2009,4941.75
11/30/2009,5032.700195
12/1/2009,5122
12/2/2009,5123.25
12/3/2009,5131.700195
12/4/2009,5108.899902
12/7/2009,5066.700195
12/8/2009,5147.950195
12/9/2009,5112
12/10/2009,5134.649902
12/11/2009,5117.299805
12/14/2009,5105.700195
12/15/2009,5033.049805
12/16/2009,5042.049805
12/17/2009,5041.75
12/18/2009,4987.700195
12/21/2009,4952.600098
12/22/2009,4985.850098
12/23/2009,5144.600098
12/24/2009,5178.399902
12/29/2009,5187.950195
12/30/2009,5169.450195
12/31/2009,5201.049805
1/4/2010,5232.200195
1/5/2010,5277.899902
1/6/2010,5281.799805
1/7/2010,5263.100098
1/8/2010,5244.75
1/11/2010,5249.399902
1/12/2010,5210.399902
1/13/2010,5233.950195
1/14/2010,5259.899902
1/15/2010,5252.200195
1/18/2010,5274.850098
1/19/2010,5225.649902
1/20/2010,5221.700195
1/21/2010,5094.149902
1/22/2010,5036
1/25/2010,5007.899902
1/27/2010,4853.100098
1/28/2010,4867.25
1/29/2010,4882.049805
2/1/2010,4899.700195
2/2/2010,4830.100098
2/3/2010,4931.850098
2/4/2010,4845.350098
2/5/2010,4718.649902
2/6/2010,NA
2/8/2010,4760.399902
2/9/2010,4792.649902
2/10/2010,4757.200195
2/11/2010,4826.850098
2/15/2010,4801.950195
2/16/2010,4855.75
2/17/2010,4914
2/18/2010,4887.75
2/19/2010,4844.899902
2/22/2010,4856.399902
2/23/2010,4870.049805
2/24/2010,4858.600098
2/25/2010,4859.75
2/26/2010,4922.299805
3/2/2010,5017
3/3/2010,5088.100098
3/4/2010,5080.25
3/5/2010,5088.700195
3/8/2010,5124
3/9/2010,5101.5
3/10/2010,5116.25
3/11/2010,5133.399902
3/12/2010,5137
3/15/2010,5128.899902
3/16/2010,5198.100098
3/17/2010,5231.899902
3/18/2010,5245.899902
3/19/2010,5262.799805
3/22/2010,5205.200195
3/23/2010,5225.299805
3/25/2010,5260.399902
3/26/2010,5282
3/29/2010,5302.850098
3/30/2010,5262.450195
3/31/2010,5249.100098
4/1/2010,5290.5
4/5/2010,5368.399902
4/6/2010,5366
4/7/2010,5374.649902
4/8/2010,5304.450195
4/9/2010,5361.75
4/12/2010,5339.700195
4/13/2010,5322.950195
4/15/2010,5273.600098
4/16/2010,5262.600098
4/19/2010,5203.649902
4/20/2010,5230.100098
4/21/2010,5244.899902
4/22/2010,5269.350098
4/23/2010,5304.100098
4/26/2010,5322.450195
4/27/2010,5308.350098
4/28/2010,5215.450195
4/29/2010,5254.149902
4/30/2010,5278
5/3/2010,5222.75
5/4/2010,5148.5
5/5/2010,5124.899902
5/6/2010,5090.850098
5/7/2010,5018.049805
5/10/2010,5193.600098
5/11/2010,5136.149902
5/12/2010,5156.649902
5/13/2010,5178.899902
5/14/2010,5093.5
5/17/2010,5059.899902
5/18/2010,5066.200195
5/19/2010,4919.649902
5/20/2010,4947.600098
5/21/2010,4931.149902
5/24/2010,4943.950195
5/25/2010,4806.75
5/26/2010,4917.399902
5/27/2010,5003.100098
5/28/2010,5066.549805
5/31/2010,5086.299805
6/1/2010,4970.200195
6/2/2010,5019.850098
6/3/2010,5110.5
6/4/2010,5135.5
6/7/2010,5034
6/8/2010,4987.100098
6/9/2010,5000.299805
6/10/2010,5078.600098
6/11/2010,5119.350098
6/14/2010,5197.700195
6/15/2010,5222.350098
6/16/2010,5233.350098
6/17/2010,5274.850098
6/18/2010,5262.600098
6/21/2010,5353.299805
6/22/2010,5316.549805
6/23/2010,5323.149902
6/24/2010,5320.600098
6/25/2010,5269.049805
6/28/2010,5333.5
6/29/2010,5256.149902
6/30/2010,5312.5
7/1/2010,5251.399902
7/2/2010,5237.100098
7/5/2010,5235.899902
7/6/2010,5289.049805
7/7/2010,5241.100098
7/8/2010,5296.850098
7/9/2010,5352.450195
7/12/2010,5383
7/13/2010,5400.649902
7/14/2010,5386.149902
7/15/2010,5378.75
7/16/2010,5393.899902
7/19/2010,5386.450195
7/20/2010,5368
7/21/2010,5399.350098
7/22/2010,5441.950195
7/23/2010,5449.100098
7/26/2010,5418.600098
7/27/2010,5430.600098
7/28/2010,5397.549805
7/29/2010,5408.899902
7/30/2010,5367.600098
8/2/2010,5431.649902
8/3/2010,5439.549805
8/4/2010,5467.850098
8/5/2010,5447.100098
8/6/2010,5439.25
8/9/2010,5486.149902
8/10/2010,5460.700195
8/11/2010,5420.600098
8/12/2010,5416.450195
8/13/2010,5452.100098
8/16/2010,5418.299805
8/17/2010,5414.149902
8/18/2010,5479.149902
8/19/2010,5540.200195
8/20/2010,5530.649902
8/23/2010,5543.5
8/24/2010,5505.100098
8/25/2010,5462.350098
8/26/2010,5477.899902
8/27/2010,5408.700195
8/30/2010,5415.450195
8/31/2010,5402.399902
9/1/2010,5471.850098
9/2/2010,5486.149902
9/3/2010,5479.399902
9/6/2010,5576.950195
9/7/2010,5604
9/8/2010,5607.850098
9/9/2010,5640.049805
9/13/2010,5760
9/14/2010,5795.549805
9/15/2010,5860.950195
9/16/2010,5828.700195
9/17/2010,5884.950195
9/20/2010,5980.450195
9/21/2010,6009.049805
9/22/2010,5991
9/23/2010,5959.549805
9/24/2010,6018.299805
9/27/2010,6035.649902
9/28/2010,6029.5
9/29/2010,5991.299805
9/30/2010,6029.950195
10/1/2010,6143.399902
10/4/2010,6159.450195
10/5/2010,6145.799805
10/6/2010,6186.450195
10/7/2010,6120.299805
10/8/2010,6103.450195
10/11/2010,6135.850098
10/12/2010,6090.899902
10/13/2010,6233.899902
10/14/2010,6177.350098
10/15/2010,6062.649902
10/18/2010,6075.950195
10/19/2010,6027.299805
10/20/2010,5982.100098
10/21/2010,6101.5
10/22/2010,6066.049805
10/25/2010,6105.799805
10/26/2010,6082
10/27/2010,6012.649902
10/28/2010,5987.700195
10/29/2010,6017.700195
11/1/2010,6117.549805
11/2/2010,6119
11/3/2010,6160.5
11/4/2010,6281.799805
11/8/2010,6273.200195
11/9/2010,6301.549805
11/10/2010,6275.700195
11/11/2010,6194.25
11/12/2010,6071.649902
11/15/2010,6121.600098
11/16/2010,5988.700195
11/18/2010,5998.799805
11/19/2010,5890.299805
11/22/2010,6010
11/23/2010,5934.75
11/24/2010,5865.75
11/25/2010,5799.75
11/26/2010,5751.950195
11/29/2010,5830
11/30/2010,5862.700195
12/1/2010,5960.899902
12/2/2010,6011.700195
12/3/2010,5992.799805
12/6/2010,5992.25
12/7/2010,5976.549805
12/8/2010,5903.700195
12/9/2010,5766.5
12/10/2010,5857.350098
12/13/2010,5907.649902
12/14/2010,5944.100098
12/15/2010,5892.299805
12/16/2010,5948.75
12/20/2010,5947.049805
12/21/2010,6000.649902
12/22/2010,5984.399902
12/23/2010,5980
12/24/2010,6011.600098
12/27/2010,5998.100098
12/28/2010,5996
12/29/2010,6060.350098
12/30/2010,6101.850098
12/31/2010,6134.5
1/3/2011,6157.600098
1/4/2011,6146.350098
1/5/2011,6079.799805
1/6/2011,6048.25
1/7/2011,5904.600098
1/10/2011,5762.850098
1/11/2011,5754.100098
1/12/2011,5863.25
1/13/2011,5751.899902
1/14/2011,5654.549805
1/17/2011,5654.75
1/18/2011,5724.049805
1/19/2011,5691.049805
1/20/2011,5711.600098
1/21/2011,5696.5
1/24/2011,5743.25
1/25/2011,5687.399902
1/27/2011,5604.299805
1/28/2011,5512.149902
1/31/2011,5505.899902
2/1/2011,5417.200195
2/2/2011,5432
2/3/2011,5526.75
2/4/2011,5395.75
2/7/2011,5396
2/8/2011,5312.549805
2/9/2011,5253.549805
2/10/2011,5225.799805
2/11/2011,5310
2/14/2011,5456
2/15/2011,5481
2/16/2011,5481.700195
2/17/2011,5546.450195
2/18/2011,5458.950195
2/21/2011,5518.600098
2/22/2011,5469.200195
2/23/2011,5437.350098
2/24/2011,5262.700195
2/25/2011,5303.549805
2/28/2011,5333.25
3/1/2011,5522.299805
3/3/2011,5536.200195
3/4/2011,5538.75
3/7/2011,5463.149902
3/8/2011,5520.799805
3/9/2011,5531
3/10/2011,5494.399902
3/11/2011,5445.450195
3/14/2011,5531.5
3/15/2011,5449.649902
3/16/2011,5511.149902
3/17/2011,5446.649902
3/18/2011,5373.700195
3/21/2011,5364.75
3/22/2011,5413.850098
3/23/2011,5480.25
3/24/2011,5522.399902
3/25/2011,5654.25
3/28/2011,5687.25
3/29/2011,5736.350098
3/30/2011,5787.649902
3/31/2011,5833.75
4/1/2011,5826.049805
4/4/2011,5908.450195
4/5/2011,5910.049805
4/6/2011,5891.75
4/7/2011,5885.700195
4/8/2011,5842
4/11/2011,5785.700195
4/13/2011,5911.5
4/15/2011,5824.549805
4/18/2011,5729.100098
4/19/2011,5740.75
4/20/2011,5851.649902
4/21/2011,5884.700195
4/25/2011,5874.5
4/26/2011,5868.399902
4/27/2011,5833.899902
4/28/2011,5785.450195
4/29/2011,5749.5
5/2/2011,5701.299805
5/3/2011,5565.25
5/4/2011,5537.149902
5/5/2011,5459.850098
5/6/2011,5551.450195
5/9/2011,5551.100098
5/10/2011,5541.25
5/11/2011,5565.049805
5/12/2011,5486.149902
5/13/2011,5544.75
5/16/2011,5499
5/17/2011,5438.950195
5/18/2011,5420.600098
5/19/2011,5428.100098
5/20/2011,5486.350098
5/23/2011,5386.549805
5/24/2011,5394.850098
5/25/2011,5348.950195
5/26/2011,5412.350098
5/27/2011,5476.100098
5/30/2011,5473.100098
5/31/2011,NA
6/1/2011,5592
6/2/2011,5550.350098
6/3/2011,5516.75
6/6/2011,5532.049805
6/7/2011,5556.149902
6/8/2011,5526.850098
6/9/2011,5521.049805
6/10/2011,5485.799805
6/13/2011,5482.799805
6/14/2011,5500.5
6/15/2011,5447.5
6/16/2011,5396.75
6/17/2011,5366.399902
6/20/2011,5257.899902
6/21/2011,5275.850098
6/22/2011,5278.299805
6/23/2011,5320
6/24/2011,5471.25
6/27/2011,5526.600098
6/28/2011,5545.299805
6/29/2011,5600.450195
6/30/2011,5647.399902
7/1/2011,5627.200195
7/4/2011,5650.5
7/5/2011,5632.100098
7/6/2011,5625.450195
7/7/2011,5728.950195
7/8/2011,5660.649902
7/11/2011,5616.100098
7/12/2011,5526.149902
7/13/2011,5585.450195
7/14/2011,5512.299805
7/15/2011,5581.100098
7/18/2011,5567.049805
7/19/2011,5613.549805
7/20/2011,5567.049805
7/21/2011,5541.600098
7/22/2011,5633.950195
7/25/2011,5680.299805
7/26/2011,5574.850098
7/27/2011,5546.799805
7/28/2011,5487.75
7/29/2011,5482
8/1/2011,5516.799805
8/2/2011,5456.549805
8/3/2011,5404.799805
8/4/2011,5331.799805
8/5/2011,5211.25
8/8/2011,5118.5
8/9/2011,5072.850098
8/10/2011,5161
8/11/2011,5138.299805
8/12/2011,5072.950195
8/16/2011,5035.799805
8/17/2011,5056.600098
8/18/2011,4944.149902
8/19/2011,4845.649902
8/22/2011,4898.799805
8/23/2011,4948.899902
8/24/2011,4888.899902
8/25/2011,4839.600098
8/26/2011,4747.799805
8/29/2011,4919.600098
8/30/2011,5001
9/2/2011,5040
9/5/2011,5017.200195
9/6/2011,5064.299805
9/7/2011,5124.649902
9/8/2011,5153.25
9/9/2011,5059.450195
9/12/2011,4946.799805
9/13/2011,4940.950195
9/14/2011,5012.549805
9/15/2011,5075.700195
9/16/2011,5084.25
9/19/2011,5031.950195
9/20/2011,5140.200195
9/21/2011,5133.25
9/22/2011,4923.649902
9/23/2011,4867.75
9/26/2011,4835.399902
9/27/2011,4971.25
9/28/2011,4945.899902
9/29/2011,5015.450195
9/30/2011,4943.25
10/3/2011,4849.5
10/4/2011,4772.149902
10/5/2011,4751.299805
10/7/2011,4888.049805
10/10/2011,4979.600098
10/11/2011,4974.350098
10/12/2011,5099.399902
10/13/2011,5077.850098
10/14/2011,5132.299805
10/17/2011,5118.25
10/18/2011,5037.5
10/19/2011,5139.149902
10/20/2011,5091.899902
10/21/2011,5049.950195
10/24/2011,5098.350098
10/25/2011,5191.600098
10/28/2011,5360.700195
10/31/2011,5326.600098
11/1/2011,5257.950195
11/2/2011,5258.450195
11/3/2011,5265.75
11/4/2011,5284.200195
11/8/2011,5289.350098
11/9/2011,5221.049805
11/11/2011,5168.850098
11/14/2011,5148.350098
11/15/2011,5068.5
11/16/2011,5030.450195
11/17/2011,4934.75
11/18/2011,4905.799805
11/21/2011,4778.350098
11/22/2011,4812.350098
11/23/2011,4706.450195
11/24/2011,NA
11/25/2011,4710.049805
11/28/2011,4851.299805
11/29/2011,4805.100098
11/30/2011,4832.049805
12/1/2011,4936.850098
12/2/2011,5050.149902
12/5/2011,5039.149902
12/7/2011,5062.600098
12/8/2011,4943.649902
12/9/2011,4866.700195
12/12/2011,4764.600098
12/13/2011,4800.600098
12/14/2011,4763.25
12/15/2011,4746.350098
12/16/2011,4651.600098
12/19/2011,4613.100098
12/20/2011,4544.200195
12/21/2011,4693.149902
12/22/2011,4733.850098
12/23/2011,4714
12/26/2011,NA
12/27/2011,4750.5
12/28/2011,4705.799805
12/29/2011,4646.25
12/30/2011,4624.299805
1/2/2012,NA
1/3/2012,4765.299805
1/4/2012,4749.649902
1/5/2012,4749.950195
1/6/2012,4754.100098
1/7/2012,NA
1/9/2012,4742.799805
1/10/2012,4849.549805
1/11/2012,4860.950195
1/12/2012,4831.25
1/13/2012,4866
1/16/2012,4873.899902
1/17/2012,4967.299805
1/18/2012,4955.799805
1/19/2012,5018.399902
1/20/2012,5048.600098
1/23/2012,5046.25
1/24/2012,5127.350098
1/25/2012,5158.299805
1/27/2012,5204.700195
1/30/2012,5087.299805
1/31/2012,5199.25
2/1/2012,5235.700195
2/2/2012,5269.899902
2/3/2012,5325.850098
2/6/2012,5361.649902
2/7/2012,5335.149902
2/8/2012,5368.149902
2/9/2012,5412.350098
2/10/2012,5381.600098
2/13/2012,5390.200195
2/14/2012,5416.049805
2/15/2012,5531.950195
2/16/2012,5521.950195
2/17/2012,5564.299805
2/21/2012,5607.149902
2/22/2012,5505.350098
2/23/2012,5483.299805
2/24/2012,5429.299805
2/27/2012,5281.200195
2/28/2012,5375.5
2/29/2012,5385.200195
3/1/2012,5339.75
3/2/2012,5359.350098
3/3/2012,NA
3/5/2012,5280.350098
3/6/2012,5222.399902
3/7/2012,5220.450195
3/9/2012,5333.549805
3/12/2012,5359.549805
3/13/2012,5429.5
3/14/2012,5463.899902
3/15/2012,5380.5
3/16/2012,5317.899902
3/19/2012,5257.049805
3/20/2012,5274.850098
3/21/2012,5364.950195
3/22/2012,5228.450195
3/23/2012,5278.200195
3/26/2012,5184.25
3/27/2012,5243.149902
3/28/2012,5194.75
3/29/2012,5178.850098
3/30/2012,5295.549805
4/2/2012,5317.899902
4/3/2012,5358.5
4/4/2012,5322.899902
4/9/2012,5234.399902
4/10/2012,5243.600098
4/11/2012,5226.850098
4/12/2012,5276.850098
4/13/2012,5207.450195
4/16/2012,5226.200195
4/17/2012,5289.700195
4/18/2012,5300
4/19/2012,5332.399902
4/20/2012,5290.850098
4/23/2012,5200.600098
4/24/2012,5222.649902
4/25/2012,5202
4/26/2012,5189
4/27/2012,5190.600098
4/30/2012,5248.149902
5/2/2012,5239.149902
5/3/2012,5188.399902
5/4/2012,5086.850098
5/7/2012,5114.149902
5/8/2012,4999.950195
5/9/2012,4974.799805
5/10/2012,4965.700195
5/11/2012,4928.899902
5/14/2012,4907.799805
5/15/2012,4942.799805
5/16/2012,4858.25
5/17/2012,4870.200195
5/18/2012,4891.450195
5/21/2012,NA
5/22/2012,4860.5
5/23/2012,4835.649902
5/24/2012,4921.399902
5/25/2012,4920.399902
5/28/2012,4985.649902
5/29/2012,4990.100098
5/30/2012,4950.75
5/31/2012,4924.25
6/1/2012,4841.600098
6/4/2012,4848.149902
6/5/2012,4863.299805
6/6/2012,4997.100098
6/7/2012,5049.649902
6/8/2012,5068.350098
6/11/2012,5054.100098
6/12/2012,5115.899902
6/13/2012,5121.450195
6/14/2012,5054.75
6/15/2012,5139.049805
6/18/2012,5064.25
6/19/2012,5103.850098
6/20/2012,5120.549805
6/21/2012,5165
6/22/2012,5146.049805
6/25/2012,5114.649902
6/26/2012,5120.799805
6/27/2012,5141.899902
6/28/2012,5149.149902
6/29/2012,5278.899902
7/2/2012,5278.600098
7/3/2012,5287.950195
7/4/2012,5302.549805
7/5/2012,5327.299805
7/6/2012,5316.950195
7/9/2012,5275.149902
7/10/2012,5345.350098
7/11/2012,5306.299805
7/12/2012,5235.25
7/13/2012,5227.25
7/16/2012,5197.25
7/17/2012,5192.850098
7/18/2012,5216.299805
7/19/2012,5242.700195
7/20/2012,5205.100098
7/23/2012,5117.950195
7/24/2012,5128.200195
7/25/2012,5109.600098
7/26/2012,5043
7/27/2012,5099.850098
7/30/2012,5199.799805
7/31/2012,5229
8/1/2012,5240.5
8/2/2012,5227.75
8/3/2012,5215.700195
8/6/2012,5282.549805
8/7/2012,5336.700195
8/8/2012,5338
8/9/2012,5322.950195
8/10/2012,5320.399902
8/13/2012,5347.899902
8/14/2012,5380.350098
8/16/2012,5362.950195
8/17/2012,5366.299805
8/21/2012,5421
8/22/2012,5412.850098
8/23/2012,5415.350098
8/24/2012,5386.700195
8/27/2012,5350.25
8/28/2012,NA
8/29/2012,5287.799805
8/30/2012,5315.049805
8/31/2012,5258.5
9/3/2012,5253.75
9/4/2012,5274
9/5/2012,5225.700195
9/6/2012,5238.399902
9/7/2012,5342.100098
9/8/2012,NA
9/10/2012,5363.450195
9/11/2012,5390
9/12/2012,5431
9/13/2012,5435.350098
9/14/2012,5577.649902
9/17/2012,5610
9/18/2012,5600.049805
9/20/2012,5554.25
9/21/2012,5691.149902
9/24/2012,5669.600098
9/25/2012,5673.899902
9/26/2012,5663.450195
9/27/2012,5649.5
9/28/2012,5703.299805
10/1/2012,5718.799805
10/3/2012,5731.25
10/4/2012,5787.600098
10/5/2012,5746.950195
10/8/2012,5676
10/9/2012,5704.600098
10/10/2012,5652.149902
10/11/2012,5708.049805
10/12/2012,5676.049805
10/15/2012,5687.25
10/16/2012,5648
10/17/2012,5660.25
10/18/2012,5718.700195
10/19/2012,5684.25
10/22/2012,5717.149902
10/23/2012,5691.399902
10/25/2012,5705.299805
10/29/2012,5665.600098
10/30/2012,5597.899902
10/31/2012,5619.700195
11/1/2012,5645.049805
11/2/2012,5697.700195
11/5/2012,5704.200195
11/6/2012,5724.399902
11/7/2012,5760.100098
11/8/2012,5738.75
11/9/2012,5686.25
11/11/2012,NA
11/12/2012,5683.700195
11/15/2012,5631
11/16/2012,5574.049805
11/19/2012,5571.399902
11/20/2012,5571.549805
11/21/2012,5614.799805
11/22/2012,5627.75
11/23/2012,5626.600098
11/26/2012,5635.899902
11/27/2012,5727.450195
11/29/2012,5825
11/30/2012,5879.850098
12/3/2012,5870.950195
12/4/2012,5889.25
12/5/2012,5900.5
12/6/2012,5930.899902
12/7/2012,5907.399902
12/10/2012,5908.899902
12/11/2012,5898.799805
12/12/2012,5888
12/13/2012,5851.5
12/14/2012,5879.600098
12/17/2012,5857.899902
12/18/2012,5896.799805
12/19/2012,5929.600098
12/20/2012,5916.399902
12/21/2012,5847.700195
12/24/2012,5855.75
12/26/2012,5905.600098
12/27/2012,5870.100098
12/28/2012,5908.350098
12/31/2012,5905.100098
1/1/2013,NA
1/2/2013,5993.25
1/3/2013,6009.5
1/4/2013,6016.149902
1/7/2013,5988.399902
1/8/2013,6001.700195
1/9/2013,5971.5
1/10/2013,5968.649902
1/11/2013,5951.299805
1/14/2013,6024.049805
1/15/2013,6056.600098
1/16/2013,6001.850098
1/17/2013,6039.200195
1/18/2013,6064.399902
1/21/2013,6082.299805
1/22/2013,6048.5
1/23/2013,6054.299805
1/24/2013,6019.350098
1/25/2013,6074.649902
1/28/2013,6074.799805
1/29/2013,6049.899902
1/30/2013,6055.75
1/31/2013,6034.75
2/1/2013,5998.899902
2/4/2013,5987.25
2/5/2013,5956.899902
2/6/2013,5959.200195
2/7/2013,5938.799805
2/8/2013,5903.5
2/11/2013,5897.850098
2/12/2013,5922.5
2/13/2013,5932.950195
2/14/2013,5896.950195
2/15/2013,5887.399902
2/18/2013,5898.200195
2/19/2013,5939.700195
2/20/2013,5943.049805
2/21/2013,5852.25
2/22/2013,5850.299805
2/25/2013,5854.75
2/26/2013,5761.350098
2/27/2013,5796.899902
2/28/2013,5693.049805
3/1/2013,5719.700195
3/4/2013,5698.5
3/5/2013,5784.25
3/6/2013,5818.600098
3/7/2013,5863.299805
3/8/2013,5945.700195
3/11/2013,5942.350098
3/12/2013,5914.100098
3/13/2013,5851.200195
3/14/2013,5908.950195
3/15/2013,5872.600098
3/18/2013,5835.25
3/19/2013,5745.950195
3/20/2013,5694.399902
3/21/2013,5658.75
3/22/2013,5651.350098
3/25/2013,5633.850098
3/26/2013,5641.600098
3/28/2013,5682.549805
4/1/2013,5704.399902
4/2/2013,5748.100098
4/3/2013,5672.899902
4/4/2013,5574.75
4/5/2013,5553.25
4/8/2013,5542.950195
4/9/2013,5495.100098
4/10/2013,5558.700195
4/11/2013,5594
4/12/2013,5528.549805
4/15/2013,5568.399902
4/16/2013,5688.950195
4/17/2013,5688.700195
4/18/2013,5783.100098
4/22/2013,5834.399902
4/23/2013,5836.899902
4/25/2013,5916.299805
4/26/2013,5871.450195
4/29/2013,5904.100098
4/30/2013,5930.200195
5/2/2013,5999.350098
5/3/2013,5944
5/6/2013,5971.049805
5/7/2013,6043.549805
5/8/2013,6069.299805
5/9/2013,6050.149902
5/10/2013,6094.75
5/13/2013,5980.450195
5/14/2013,5995.399902
5/15/2013,6146.75
5/16/2013,6169.899902
5/17/2013,6187.299805
5/20/2013,6156.899902
5/21/2013,6114.100098
5/22/2013,6094.5
5/23/2013,5967.049805
5/24/2013,5983.549805
5/27/2013,6083.149902
5/28/2013,6111.25
5/29/2013,6104.299805
5/30/2013,6124.049805
5/31/2013,5985.950195
6/3/2013,5939.299805
6/4/2013,5919.450195
6/5/2013,5923.850098
6/6/2013,5921.399902
6/7/2013,5881
6/10/2013,5878
6/11/2013,5788.799805
6/12/2013,5760.200195
6/13/2013,5699.100098
6/14/2013,5808.399902
6/17/2013,5850.049805
6/18/2013,5813.600098
6/19/2013,5822.25
6/20/2013,5655.899902
6/21/2013,5667.649902
6/24/2013,5590.25
6/25/2013,5609.100098
6/26/2013,5588.700195
6/27/2013,5682.350098
6/28/2013,5842.200195
7/1/2013,5898.850098
7/2/2013,5857.549805
7/3/2013,5770.899902
7/4/2013,5836.950195
7/5/2013,5867.899902
7/8/2013,5811.549805
7/9/2013,5859
7/10/2013,5816.700195
7/11/2013,5935.100098
7/12/2013,6009
7/15/2013,6030.799805
7/16/2013,5955.25
7/17/2013,5973.299805
7/18/2013,6038.049805
7/19/2013,6029.200195
7/22/2013,6031.799805
7/23/2013,6077.799805
7/24/2013,5990.5
7/25/2013,5907.5
7/26/2013,5886.200195
7/29/2013,5831.649902
7/30/2013,5755.049805
7/31/2013,5742
8/1/2013,5727.850098
8/2/2013,5677.899902
8/5/2013,5685.399902
8/6/2013,5542.25
8/7/2013,5519.100098
8/8/2013,5565.649902
8/12/2013,5612.399902
8/13/2013,5699.299805
8/14/2013,5742.299805
8/16/2013,5507.850098
8/19/2013,5414.75
8/20/2013,5401.450195
8/21/2013,5302.549805
8/22/2013,5408.450195
8/23/2013,5471.75
8/26/2013,5476.5
8/27/2013,5287.450195
8/28/2013,5285
8/29/2013,5409.049805
8/30/2013,5471.799805
9/2/2013,5550.75
9/3/2013,5341.450195
9/4/2013,5448.100098
9/5/2013,5592.950195
9/6/2013,5680.399902
9/10/2013,5896.75
9/11/2013,5913.149902
9/12/2013,5850.700195
9/13/2013,5850.600098
9/16/2013,5840.549805
9/17/2013,5850.200195
9/18/2013,5899.450195
9/19/2013,6115.549805
9/20/2013,6012.100098
9/23/2013,5889.75
9/24/2013,5892.450195
9/25/2013,5873.850098
9/26/2013,5882.25
9/27/2013,5833.200195
9/30/2013,5735.299805
10/1/2013,5780.049805
10/3/2013,5909.700195
10/4/2013,5907.299805
10/7/2013,5906.149902
10/8/2013,5928.399902
10/9/2013,6007.450195
10/10/2013,6020.950195
10/11/2013,6096.200195
10/14/2013,6112.700195
10/15/2013,6089.049805
10/17/2013,6045.850098
10/18/2013,6189.350098
10/21/2013,6204.950195
10/22/2013,6202.799805
10/23/2013,6178.350098
10/24/2013,6164.350098
10/25/2013,6144.899902
10/28/2013,6101.100098
10/29/2013,6220.899902
10/30/2013,6251.700195
10/31/2013,6299.149902
11/1/2013,6307.200195
11/5/2013,6253.149902
11/6/2013,6215.149902
11/7/2013,6187.25
11/8/2013,6140.75
11/11/2013,6078.799805
11/12/2013,6018.049805
11/13/2013,5989.600098
11/14/2013,6056.149902
11/18/2013,6189
11/19/2013,6203.350098
11/20/2013,6122.899902
11/21/2013,5999.049805
11/22/2013,5995.450195
11/25/2013,6115.350098
11/26/2013,6059.100098
11/27/2013,6057.100098
11/28/2013,6091.850098
11/29/2013,6176.100098
12/2/2013,6217.850098
12/3/2013,6201.850098
12/4/2013,6160.950195
12/5/2013,6241.100098
12/6/2013,6259.899902
12/9/2013,6363.899902
12/10/2013,6332.850098
12/11/2013,6307.899902
12/12/2013,6237.049805
12/13/2013,6168.399902
12/16/2013,6154.700195
12/17/2013,6139.049805
12/18/2013,6217.149902
12/19/2013,6166.649902
12/20/2013,6274.25
12/23/2013,6284.5
12/24/2013,6268.399902
12/26/2013,6278.899902
12/27/2013,6313.799805
12/30/2013,6291.100098
12/31/2013,6304
1/1/2014,NA
1/2/2014,6221.149902
1/3/2014,6211.149902
1/6/2014,6191.450195
1/7/2014,6162.25
1/8/2014,6174.600098
1/9/2014,6168.350098
1/10/2014,6171.450195
1/13/2014,6272.75
1/14/2014,6241.850098
1/15/2014,6320.899902
1/16/2014,6318.899902
1/17/2014,6261.649902
1/20/2014,6303.950195
1/21/2014,6313.799805
1/22/2014,6338.950195
1/23/2014,6345.649902
1/24/2014,6266.75
1/27/2014,6135.850098
1/28/2014,6126.25
1/29/2014,6120.25
1/30/2014,6073.700195
1/31/2014,6089.5
2/3/2014,6001.799805
2/4/2014,6000.899902
2/5/2014,6022.399902
2/6/2014,6036.299805
2/7/2014,6063.200195
2/10/2014,6053.450195
2/11/2014,6062.700195
2/12/2014,6084
2/13/2014,6001.100098
2/14/2014,6048.350098
2/17/2014,6073.299805
2/18/2014,6127.100098
2/19/2014,6152.75
2/20/2014,6091.450195
2/21/2014,6155.450195
2/24/2014,6186.100098
2/25/2014,6200.049805
2/26/2014,6238.799805
2/28/2014,6276.950195
3/3/2014,6221.450195
3/4/2014,6297.950195
3/5/2014,6328.649902
3/6/2014,6401.149902
3/7/2014,6526.649902
3/10/2014,6537.25
3/11/2014,6511.899902
3/12/2014,6516.899902
3/13/2014,6493.100098
3/14/2014,6504.200195
3/18/2014,6516.649902
3/19/2014,6524.049805
3/20/2014,6483.100098
3/21/2014,6493.200195
3/22/2014,NA
3/24/2014,6583.5
3/25/2014,6589.75
3/26/2014,6601.399902
3/27/2014,6641.75
3/28/2014,6695.899902
3/31/2014,6704.200195
4/1/2014,6721.049805
4/2/2014,6752.549805
4/3/2014,6736.100098
4/4/2014,6694.350098
4/7/2014,6695.049805
4/9/2014,6796.200195
4/10/2014,6796.399902
4/11/2014,6776.299805
4/15/2014,6733.100098
4/16/2014,6675.299805
4/17/2014,6779.399902
4/21/2014,6817.649902
4/22/2014,6815.350098
4/23/2014,6840.799805
4/24/2014,NA
4/25/2014,6782.75
4/28/2014,6761.25
4/29/2014,6715.25
4/30/2014,6696.399902
5/2/2014,6694.799805
5/5/2014,6699.350098
5/6/2014,6715.299805
5/7/2014,6652.549805
5/8/2014,6659.850098
5/9/2014,6858.799805
5/12/2014,7014.25
5/13/2014,7108.75
5/14/2014,7108.75
5/15/2014,7123.149902
5/16/2014,7203
5/19/2014,7263.549805
5/20/2014,7275.5
5/21/2014,7252.899902
5/22/2014,7276.399902
5/23/2014,7367.100098
5/26/2014,7359.049805
5/27/2014,7318
5/28/2014,7329.649902
5/29/2014,7235.649902
5/30/2014,7229.950195
6/2/2014,7362.5
6/3/2014,7415.850098
6/4/2014,7402.25
6/5/2014,7474.100098
6/6/2014,7583.399902
6/9/2014,7654.600098
6/10/2014,7656.399902
6/11/2014,7626.850098
6/12/2014,7649.899902
6/13/2014,7542.100098
6/16/2014,7533.549805
6/17/2014,7631.700195
6/18/2014,7558.200195
6/19/2014,7540.700195
6/20/2014,7511.450195
6/23/2014,7493.350098
6/24/2014,7580.200195
6/25/2014,7569.25
6/26/2014,7493.200195
6/27/2014,7508.799805
6/30/2014,7611.350098
7/1/2014,7634.700195
7/2/2014,7725.149902
7/3/2014,7714.799805
7/4/2014,7751.600098
7/7/2014,7787.149902
7/8/2014,7623.200195
7/9/2014,7585
7/10/2014,7567.75
7/11/2014,7459.600098
7/14/2014,7454.149902
7/15/2014,7526.649902
7/16/2014,7624.399902
7/17/2014,7640.450195
7/18/2014,7663.899902
7/21/2014,7684.200195
7/22/2014,7767.850098
7/23/2014,7795.75
7/24/2014,7830.600098
7/25/2014,7790.450195
7/28/2014,7748.700195
7/30/2014,7791.399902
7/31/2014,7721.299805
8/1/2014,7602.600098
8/4/2014,7683.649902
8/5/2014,7746.549805
8/6/2014,7672.049805
8/7/2014,7649.25
8/8/2014,7568.549805
8/11/2014,7625.950195
8/12/2014,7727.049805
8/13/2014,7739.549805
8/14/2014,7791.700195
8/18/2014,7874.25
8/19/2014,7897.5
8/20/2014,7875.299805
8/21/2014,7891.100098
8/22/2014,7913.200195
8/25/2014,7906.299805
8/26/2014,7904.75
8/27/2014,7936.049805
8/28/2014,7954.350098
9/1/2014,8027.700195
9/2/2014,8083.049805
9/3/2014,8114.600098
9/4/2014,8095.950195
9/5/2014,8086.850098
9/8/2014,8173.899902
9/9/2014,8152.950195
9/10/2014,8094.100098
9/11/2014,8085.700195
9/12/2014,8105.5
9/15/2014,8042
9/16/2014,7932.899902
9/17/2014,7975.5
9/18/2014,8114.75
9/19/2014,8121.450195
9/22/2014,8146.299805
9/23/2014,8017.549805
9/24/2014,8002.399902
9/25/2014,7911.850098
9/26/2014,7968.850098
9/29/2014,7958.899902
9/30/2014,7964.799805
10/1/2014,7945.549805
10/7/2014,7852.399902
10/8/2014,7842.700195
10/9/2014,7960.549805
10/10/2014,7859.950195
10/13/2014,7884.25
10/14/2014,7864
10/15/2014,NA
10/16/2014,7748.200195
10/17/2014,7779.700195
10/20/2014,7879.399902
10/21/2014,7927.75
10/22/2014,7995.899902
10/27/2014,7991.700195
10/28/2014,8027.600098
10/29/2014,8090.450195
10/30/2014,8169.200195
10/31/2014,8322.200195
11/3/2014,8324.150391
11/5/2014,8338.299805
11/7/2014,8337
11/10/2014,8344.25
11/11/2014,8362.650391
11/12/2014,8383.299805
11/13/2014,8357.849609
11/14/2014,8389.900391
11/17/2014,8430.75
11/18/2014,8425.900391
11/19/2014,8382.299805
11/20/2014,8401.900391
11/21/2014,8477.349609
11/24/2014,8530.150391
11/25/2014,8463.099609
11/26/2014,8475.75
11/27/2014,8494.200195
11/28/2014,8588.25
12/1/2014,8555.900391
12/2/2014,8524.700195
12/3/2014,8537.650391
12/4/2014,8564.400391
12/5/2014,8538.299805
12/8/2014,8438.25
12/9/2014,8340.700195
12/10/2014,8355.650391
12/11/2014,8292.900391
12/12/2014,8224.099609
12/15/2014,8219.599609
12/16/2014,8067.600098
12/17/2014,8029.799805
12/18/2014,8159.299805
12/19/2014,8225.200195
12/22/2014,8324
12/23/2014,8267
12/24/2014,8174.100098
12/26/2014,8200.700195
12/29/2014,8246.299805
12/30/2014,8248.25
12/31/2014,8282.700195
1/1/2015,NA
1/2/2015,8395.450195
1/5/2015,8378.400391
1/6/2015,8127.350098
1/7/2015,8102.100098
1/8/2015,8234.599609
1/9/2015,8284.5
1/12/2015,8323
1/13/2015,8299.400391
1/14/2015,8277.549805
1/15/2015,8494.150391
1/16/2015,8513.799805
1/19/2015,8550.700195
1/20/2015,8695.599609
1/21/2015,8729.5
1/22/2015,8761.400391
1/23/2015,8835.599609
1/27/2015,8910.5
1/28/2015,8914.299805
1/29/2015,8952.349609
1/30/2015,8808.900391
2/2/2015,8797.400391
2/3/2015,8756.549805
2/4/2015,8723.700195
2/5/2015,8711.700195
2/6/2015,8661.049805
2/9/2015,8526.349609
2/10/2015,8565.549805
2/11/2015,8627.400391
2/12/2015,8711.549805
2/13/2015,8805.5
2/16/2015,8809.349609
2/18/2015,8869.099609
2/19/2015,8895.299805
2/20/2015,8833.599609
2/23/2015,8754.950195
2/24/2015,8762.099609
2/25/2015,8767.25
2/26/2015,8683.849609
2/27/2015,8844.599609
2/28/2015,NA
3/2/2015,8956.75
3/3/2015,8996.25
3/4/2015,8922.650391
3/5/2015,8937.75
3/9/2015,8756.75
3/10/2015,8712.049805
3/11/2015,8699.950195
3/12/2015,8776
3/13/2015,8647.75
3/16/2015,8633.150391
3/17/2015,8723.299805
3/18/2015,8685.900391
3/19/2015,8634.650391
3/20/2015,8570.900391
3/23/2015,8550.900391
3/24/2015,8542.950195
3/25/2015,8530.799805
3/26/2015,8342.150391
3/27/2015,8341.400391
3/30/2015,8492.299805
3/31/2015,8491
4/1/2015,8586.25
4/6/2015,8659.900391
4/7/2015,8660.299805
4/8/2015,8714.400391
4/9/2015,8778.299805
4/10/2015,8780.349609
4/13/2015,8834
4/15/2015,NA
4/16/2015,8706.700195
4/17/2015,8606
4/20/2015,8448.099609
4/21/2015,8377.75
4/22/2015,8429.700195
4/23/2015,8398.299805
4/24/2015,8305.25
4/27/2015,8213.799805
4/28/2015,8285.599609
4/29/2015,8239.75
4/30/2015,8181.5
5/4/2015,8331.950195
5/5/2015,8324.799805
5/6/2015,8097
5/7/2015,8057.299805
5/8/2015,8191.5
5/11/2015,8325.25
5/12/2015,8126.950195
5/13/2015,8235.450195
5/14/2015,8224.200195
5/15/2015,8262.349609
5/18/2015,8373.650391
5/19/2015,8365.650391
5/20/2015,8423.25
5/21/2015,8421
5/22/2015,8458.950195
5/25/2015,8370.25
5/26/2015,8339.349609
5/27/2015,8334.599609
5/28/2015,8319
5/29/2015,8433.650391
6/1/2015,8433.400391
6/2/2015,8236.450195
6/3/2015,8135.100098
6/4/2015,8130.649902
6/5/2015,8114.700195
6/8/2015,8044.149902
6/9/2015,8022.399902
6/10/2015,8124.450195
6/11/2015,7965.350098
6/12/2015,7982.899902
6/15/2015,8013.899902
6/16/2015,8047.299805
6/17/2015,8091.549805
6/18/2015,8174.600098
6/19/2015,8224.950195
6/22/2015,8353.099609
6/23/2015,8381.549805
6/24/2015,8360.849609
6/25/2015,8398
6/26/2015,8381.099609
6/29/2015,8318.400391
6/30/2015,8368.5
7/1/2015,8453.049805
7/2/2015,8444.900391
7/3/2015,8484.900391
7/6/2015,8522.150391
7/7/2015,8510.799805
7/8/2015,8363.049805
7/9/2015,8328.549805
7/10/2015,8360.549805
7/13/2015,8459.650391
7/14/2015,8454.099609
7/15/2015,8523.799805
7/16/2015,8608.049805
7/17/2015,8609.849609
7/20/2015,8603.450195
7/21/2015,8529.450195
7/22/2015,8633.5
7/23/2015,8589.799805
7/24/2015,8521.549805
7/27/2015,8361
7/28/2015,8337
7/29/2015,8375.049805
7/30/2015,8421.799805
7/31/2015,8532.849609
8/3/2015,8543.049805
8/4/2015,8516.900391
8/5/2015,8567.950195
8/6/2015,8588.650391
8/7/2015,8564.599609
8/10/2015,8525.599609
8/11/2015,8462.349609
8/12/2015,8349.450195
8/13/2015,8355.849609
8/14/2015,8518.549805
8/17/2015,8477.299805
8/18/2015,8466.549805
8/19/2015,8495.150391
8/20/2015,8372.75
8/21/2015,8299.950195
8/24/2015,7809
8/25/2015,7880.700195
8/26/2015,7791.850098
8/27/2015,7948.950195
8/28/2015,8001.950195
8/31/2015,7971.299805
9/1/2015,7785.850098
9/2/2015,7717
9/3/2015,7823
9/4/2015,7655.049805
9/7/2015,7558.799805
9/8/2015,7688.25
9/9/2015,7818.600098
9/10/2015,7788.100098
9/11/2015,7789.299805
9/14/2015,7872.25
9/15/2015,7829.100098
9/16/2015,7899.149902
9/18/2015,7981.899902
9/21/2015,7977.100098
9/22/2015,7812
9/23/2015,7845.950195
9/24/2015,7868.5
9/28/2015,7795.700195
9/29/2015,7843.299805
9/30/2015,7948.899902
10/1/2015,7950.899902
10/5/2015,8119.299805
10/6/2015,8152.899902
10/7/2015,8177.399902
10/8/2015,8129.350098
10/9/2015,8189.700195
10/12/2015,8143.600098
10/13/2015,8131.700195
10/14/2015,8107.899902
10/15/2015,8179.5
10/16/2015,8238.150391
10/19/2015,8275.049805
10/20/2015,8261.650391
10/21/2015,8251.700195
10/23/2015,8295.450195
10/26/2015,8260.549805
10/27/2015,8232.900391
10/28/2015,8171.200195
10/29/2015,8111.75
10/30/2015,8065.799805
11/2/2015,8050.799805
11/3/2015,8060.700195
11/4/2015,8040.200195
11/5/2015,7955.450195
11/6/2015,7954.299805
11/9/2015,7915.200195
11/10/2015,7783.350098
11/13/2015,7762.25
11/16/2015,7806.600098
11/17/2015,7837.549805
11/18/2015,7731.799805
11/19/2015,7842.75
11/20/2015,7856.549805
11/23/2015,7849.25
11/24/2015,7831.600098
11/26/2015,7883.799805
11/27/2015,7942.700195
11/30/2015,7935.25
12/1/2015,7954.899902
12/2/2015,7931.350098
12/3/2015,7864.149902
12/4/2015,7781.899902
12/7/2015,7765.399902
12/8/2015,7701.700195
12/9/2015,7612.5
12/10/2015,7683.299805
12/11/2015,7610.450195
12/14/2015,7650.049805
12/15/2015,7700.899902
12/16/2015,7750.899902
12/17/2015,7844.350098
12/18/2015,7761.950195
12/21/2015,7834.450195
12/22/2015,7786.100098
12/23/2015,7865.950195
12/24/2015,7861.049805
12/28/2015,7925.149902
12/29/2015,7928.950195
12/30/2015,7896.25
12/31/2015,7946.350098
1/1/2016,NA
1/4/2016,7791.299805
1/5/2016,7784.649902
1/6/2016,7741
1/7/2016,7568.299805
1/8/2016,7601.350098
1/11/2016,7563.850098
1/12/2016,7510.299805
1/13/2016,7562.399902
1/14/2016,7536.799805
1/15/2016,7437.799805
1/18/2016,7351
1/19/2016,7435.100098
1/20/2016,7309.299805
1/21/2016,7276.799805
1/22/2016,7422.450195
1/25/2016,7436.149902
1/27/2016,7437.75
1/28/2016,7424.649902
1/29/2016,7563.549805
2/1/2016,7555.950195
2/2/2016,7455.549805
2/3/2016,7361.799805
2/4/2016,7404
2/5/2016,7489.100098
2/8/2016,7387.25
2/9/2016,7298.200195
2/10/2016,7215.700195
2/11/2016,6976.350098
2/12/2016,6980.950195
2/15/2016,7162.950195
2/16/2016,7048.25
2/17/2016,7108.450195
2/18/2016,7191.75
2/19/2016,7210.75
2/22/2016,7234.549805
2/23/2016,7109.549805
2/24/2016,7018.700195
2/25/2016,6970.600098
2/26/2016,7029.75
2/29/2016,6987.049805
3/1/2016,7222.299805
3/2/2016,7368.850098
3/3/2016,7475.600098
3/4/2016,7485.350098
3/8/2016,7485.299805
3/9/2016,7531.799805
3/10/2016,7486.149902
3/11/2016,7510.200195
3/14/2016,7538.75
3/15/2016,7460.600098
3/16/2016,7498.75
3/17/2016,7512.549805
3/18/2016,7604.350098
3/21/2016,7704.25
3/22/2016,7714.899902
3/23/2016,7716.5
3/28/2016,7615.100098
3/29/2016,7597
3/30/2016,7735.200195
3/31/2016,7738.399902
4/1/2016,7713.049805
4/4/2016,7758.799805
4/5/2016,7603.200195
4/6/2016,7614.350098
4/7/2016,7546.450195
4/8/2016,7555.200195
4/11/2016,7671.399902
4/12/2016,7708.950195
4/13/2016,7850.450195
4/18/2016,7914.700195
4/20/2016,7914.75
4/21/2016,7912.049805
4/22/2016,7899.299805
4/25/2016,7855.049805
4/26/2016,7962.649902
4/27/2016,7979.899902
4/28/2016,7847.25
4/29/2016,7849.799805
5/2/2016,7805.899902
5/3/2016,7747
5/4/2016,7706.549805
5/5/2016,7735.5
5/6/2016,7733.450195
5/9/2016,7866.049805
5/10/2016,7887.799805
5/11/2016,7848.850098
5/12/2016,7900.399902
5/13/2016,7814.899902
5/16/2016,7860.75
5/17/2016,7890.75
5/18/2016,7870.149902
5/19/2016,7783.399902
5/20/2016,7749.700195
5/23/2016,7731.049805
5/24/2016,7748.850098
5/25/2016,7934.899902
5/26/2016,8069.649902
5/27/2016,8156.649902
5/30/2016,8178.5
5/31/2016,8160.100098
6/1/2016,8179.950195
6/2/2016,8218.950195
6/3/2016,8220.799805
6/6/2016,8201.049805
6/7/2016,8266.450195
6/8/2016,8273.049805
6/9/2016,8203.599609
6/10/2016,8170.049805
6/13/2016,8110.600098
6/14/2016,8108.850098
6/15/2016,8206.599609
6/16/2016,8140.75
6/17/2016,8170.200195
6/20/2016,8238.5
6/21/2016,8219.900391
6/22/2016,8203.700195
6/23/2016,8270.450195
6/24/2016,8088.600098
6/27/2016,8094.700195
6/28/2016,8127.850098
6/29/2016,8204
6/30/2016,8287.75
7/1/2016,8328.349609
7/4/2016,8370.700195
7/5/2016,8335.950195
7/7/2016,8337.900391
7/8/2016,8323.200195
7/11/2016,8467.900391
7/12/2016,8521.049805
7/13/2016,8519.5
7/14/2016,8565
7/15/2016,8541.400391
7/18/2016,8508.700195
7/19/2016,8528.549805
7/20/2016,8565.849609
7/21/2016,8510.099609
7/22/2016,8541.200195
7/25/2016,8635.650391
7/26/2016,8590.650391
7/27/2016,8615.799805
7/28/2016,8666.299805
7/29/2016,8638.5
8/1/2016,8636.549805
8/2/2016,8622.900391
8/3/2016,8544.849609
8/4/2016,8551.099609
8/5/2016,8683.150391
8/8/2016,8711.349609
8/9/2016,8678.25
8/10/2016,8575.299805
8/11/2016,8592.150391
8/12/2016,NA
8/16/2016,8642.549805
8/17/2016,8624.049805
8/18/2016,8673.25
8/19/2016,8666.900391
8/22/2016,8629.150391
8/23/2016,8632.599609
8/24/2016,8650.299805
8/25/2016,8592.200195
8/26/2016,8572.549805
8/29/2016,8607.450195
8/30/2016,8744.349609
8/31/2016,8786.200195
9/1/2016,8774.650391
9/2/2016,8809.650391
9/6/2016,8943
9/7/2016,8917.950195
9/8/2016,8952.5
9/9/2016,8866.700195
9/12/2016,8715.599609
9/14/2016,8726.599609
9/15/2016,8742.549805
9/16/2016,8779.849609
9/19/2016,8808.400391
9/20/2016,8775.900391
9/21/2016,8777.150391
9/22/2016,8867.450195
9/23/2016,8831.549805
9/26/2016,8723.049805
9/27/2016,8706.400391
9/28/2016,8745.150391
9/29/2016,8591.25
9/30/2016,8611.150391
10/3/2016,8738.099609
10/4/2016,8769.150391
10/5/2016,8743.950195
10/6/2016,8709.549805
10/7/2016,8697.599609
10/10/2016,8708.799805
10/13/2016,8573.349609
10/14/2016,8583.400391
10/17/2016,8520.400391
10/18/2016,8677.900391
10/19/2016,8659.099609
10/20/2016,8699.400391
10/21/2016,8693.049805
10/24/2016,8708.950195
10/25/2016,8691.299805
10/26/2016,8615.25
10/27/2016,8615.25
10/28/2016,8638
11/1/2016,8626.25
11/2/2016,8514
11/3/2016,8484.950195
11/4/2016,8433.75
11/7/2016,8497.049805
11/8/2016,8543.549805
11/9/2016,8432
11/10/2016,8525.75
11/11/2016,8296.299805
11/15/2016,8108.450195
11/16/2016,8111.600098
11/17/2016,8079.950195
11/18/2016,8074.100098
11/21/2016,7929.100098
11/22/2016,8002.299805
11/23/2016,8033.299805
11/24/2016,7965.5
11/25/2016,8114.299805
11/28/2016,8126.899902
11/29/2016,8142.149902
11/30/2016,8224.5
12/1/2016,8192.900391
12/2/2016,8086.799805
12/5/2016,8128.75
12/6/2016,8143.149902
12/7/2016,8102.049805
12/8/2016,8246.849609
12/9/2016,8261.75
12/12/2016,8170.799805
12/13/2016,8221.799805
12/14/2016,8182.450195
12/15/2016,8153.600098
12/16/2016,8139.450195
12/19/2016,8104.350098
12/20/2016,8082.399902
12/21/2016,8061.299805
12/22/2016,7979.100098
12/23/2016,7985.75
12/26/2016,7908.25
12/27/2016,8032.850098
12/28/2016,8034.850098
12/29/2016,8103.600098
12/30/2016,8185.799805
1/2/2017,8179.5
1/3/2017,8192.25
1/4/2017,8190.5
1/5/2017,8273.799805
1/6/2017,8243.799805
1/9/2017,8236.049805
1/10/2017,8288.599609
1/11/2017,8380.650391
1/12/2017,8407.200195
1/13/2017,8400.349609
1/16/2017,8412.799805
1/17/2017,8398
1/18/2017,8417
1/19/2017,8435.099609
1/20/2017,8349.349609
1/23/2017,8391.5
1/24/2017,8475.799805
1/25/2017,8602.75
1/27/2017,8641.25
1/30/2017,8632.75
1/31/2017,8561.299805
2/1/2017,8716.400391
2/2/2017,8734.25
2/3/2017,8740.950195
2/6/2017,8801.049805
2/7/2017,8768.299805
2/8/2017,8769.049805
2/9/2017,8778.400391
2/10/2017,8793.549805
2/13/2017,8805.049805
2/14/2017,8792.299805
2/15/2017,8724.700195
2/16/2017,8778
2/17/2017,8821.700195
2/20/2017,8879.200195
2/21/2017,8907.849609
2/22/2017,8926.900391
2/23/2017,8939.5
2/27/2017,8896.700195
2/28/2017,8879.599609
3/1/2017,8945.799805
3/2/2017,8899.75
3/3/2017,8897.549805
3/6/2017,8963.450195
3/7/2017,8946.900391
3/8/2017,8924.299805
3/9/2017,8927
3/10/2017,8934.549805
3/14/2017,9087
3/15/2017,9084.799805
3/16/2017,9153.700195
3/17/2017,9160.049805
3/20/2017,9126.849609
3/21/2017,9121.5
3/22/2017,9030.450195
3/23/2017,9086.299805
3/24/2017,9108
3/27/2017,9045.200195
3/28/2017,9100.799805
3/29/2017,9143.799805
3/30/2017,9173.75
3/31/2017,9173.75
4/3/2017,9237.849609
4/5/2017,9265.150391
4/6/2017,9261.950195
4/7/2017,9198.299805
4/10/2017,9181.450195
4/11/2017,9237
4/12/2017,9203.450195
4/13/2017,9150.799805
4/17/2017,9139.299805
4/18/2017,9105.150391
4/19/2017,9103.5
4/20/2017,9136.400391
4/21/2017,9119.400391
4/24/2017,9217.950195
4/25/2017,9306.599609
4/26/2017,9351.849609
4/27/2017,9342.150391
4/28/2017,9304.049805
5/2/2017,9313.799805
5/3/2017,9311.950195
5/4/2017,9359.900391
5/5/2017,9285.299805
5/8/2017,9314.049805
5/9/2017,9316.849609
5/10/2017,9407.299805
5/11/2017,9422.400391
5/12/2017,9400.900391
5/15/2017,9445.400391
5/16/2017,9512.25
5/17/2017,9525.75
5/18/2017,9429.450195
5/19/2017,9427.900391
5/22/2017,9438.25
5/23/2017,9386.150391
5/24/2017,9360.549805
5/25/2017,9509.75
5/26/2017,9595.099609
5/29/2017,9604.900391
5/30/2017,9624.549805
5/31/2017,9621.25
6/1/2017,9616.099609
6/2/2017,9653.5
6/5/2017,9675.099609
6/6/2017,9637.150391
6/7/2017,9663.900391
6/8/2017,9647.25
6/9/2017,9668.25
6/12/2017,9616.400391
6/13/2017,9606.900391
6/14/2017,9618.150391
6/15/2017,9578.049805
6/16/2017,9588.049805
6/19/2017,9657.549805
6/20/2017,9653.5
6/21/2017,9633.599609
6/22/2017,9630
6/23/2017,9574.950195
6/27/2017,9511.400391
6/28/2017,9491.25
6/29/2017,9504.099609
6/30/2017,9520.900391
7/3/2017,9615
7/4/2017,9613.299805
7/5/2017,9637.599609
7/6/2017,9674.549805
7/7/2017,9665.799805
7/10/2017,9771.049805
7/11/2017,9786.049805
7/12/2017,9816.099609
7/13/2017,9891.700195
7/14/2017,9886.349609
7/17/2017,9915.950195
7/18/2017,9827.150391
7/19/2017,9899.599609
7/20/2017,9873.299805
7/21/2017,9915.25
7/24/2017,9966.400391
7/25/2017,9964.549805
7/26/2017,10020.65039
7/27/2017,10020.54981
7/28/2017,10014.5
7/31/2017,10077.09961
8/1/2017,10114.65039
8/2/2017,10081.5
8/3/2017,10013.65039
8/4/2017,10066.40039
8/7/2017,10057.40039
8/8/2017,9978.549805
8/9/2017,9908.049805
8/10/2017,9820.25
8/11/2017,9710.799805
8/14/2017,9794.150391
8/16/2017,9897.299805
8/17/2017,9904.150391
8/18/2017,9837.400391
8/21/2017,9754.349609
8/22/2017,9765.549805
8/23/2017,9852.5
8/24/2017,9857.049805
8/28/2017,9912.799805
8/29/2017,9796.049805
8/30/2017,9884.400391
8/31/2017,9917.900391
9/1/2017,9974.400391
9/4/2017,9912.849609
9/5/2017,9952.200195
9/6/2017,9916.200195
9/7/2017,9929.900391
9/8/2017,9934.799805
9/11/2017,10006.04981
9/12/2017,10093.04981
9/13/2017,10079.29981
9/14/2017,10086.59961
9/15/2017,10085.40039
9/18/2017,10153.09961
9/19/2017,10147.54981
9/20/2017,10141.15039
9/21/2017,10121.90039
9/22/2017,9964.400391
9/25/2017,9872.599609
9/26/2017,9871.5
9/27/2017,9735.75
9/28/2017,9768.950195
9/29/2017,9788.599609
10/3/2017,9859.5
10/4/2017,9914.900391
10/5/2017,9888.700195
10/6/2017,9979.700195
10/9/2017,9988.75
10/10/2017,10016.9502
10/11/2017,9984.799805
10/12/2017,10096.40039
10/13/2017,10167.4502
10/16/2017,10230.84961
10/17/2017,10234.4502
10/18/2017,10210.84961
10/23/2017,10184.84961
10/24/2017,10207.7002
10/25/2017,10295.34961
10/26/2017,10343.79981
10/27/2017,10323.04981
10/30/2017,10363.65039
10/31/2017,10335.29981
11/1/2017,10440.5
11/2/2017,10423.79981
11/3/2017,10452.5
11/6/2017,10451.79981
11/7/2017,10350.15039
11/8/2017,10303.15039
11/9/2017,10308.9502
11/10/2017,10321.75
11/13/2017,10224.9502
11/14/2017,10186.59961
11/15/2017,10118.04981
11/16/2017,10214.75
11/17/2017,10283.59961
11/20/2017,10298.75
11/21/2017,10326.90039
11/22/2017,10342.29981
11/23/2017,10348.75
11/24/2017,10389.7002
11/27/2017,10399.54981
11/28/2017,10370.25
11/29/2017,10361.3
